{
    "header": [
        " *   ",
        " *   如非需要调试，本文件可删除",
        " *   非专业人员可将本文件删除",
        " *   详细介绍请参考: https://bazhan.wang/faq#INFO-JSON",
        " *   "
    ],
    "resources": [
        {
            "url": "http://mjx.rjm9.cn/",
            "path": "index.html",
            "saved": true,
            "size": 4412,
            "children": [
                {
                    "url": "http://mjx.rjm9.cn/js/jquery.min.js",
                    "path": "js/jquery.min.js",
                    "saved": true,
                    "size": 89501,
                    "children": []
                },
                {
                    "url": "http://mjx.rjm9.cn/js/lazyload.min.js",
                    "path": "js/lazyload.min.js",
                    "saved": true,
                    "size": 2210,
                    "children": []
                },
                {
                    "url": "http://mjx.rjm9.cn/js/jquery.fancybox.min.js",
                    "path": "js/jquery.fancybox.min.js",
                    "saved": true,
                    "size": 0,
                    "children": []
                },
                {
                    "url": "http://mjx.rjm9.cn/js/index.js",
                    "path": "js/index.js",
                    "saved": true,
                    "size": 0,
                    "children": []
                },
                {
                    "url": "http://mjx.rjm9.cn/css/style.min.css",
                    "path": "css/style.min.css",
                    "saved": true,
                    "size": 7236,
                    "children": []
                },
                {
                    "url": "http://mjx.rjm9.cn/css/jquery.fancybox.min.css",
                    "path": "css/jquery.fancybox.min.css",
                    "saved": true,
                    "size": 12691,
                    "children": []
                }
            ]
        }
    ],
    "alias": "mjx-rjm9-cn-qpta5nw",
    "info": {
        "remark": [],
        "title": "在线获取淘宝买家秀晒图",
        "domain": "mjx.rjm9.cn",
        "origin": "http://mjx.rjm9.cn",
        "ip": "119.28.61.137",
        "main": "index.html",
        "url": "http://mjx.rjm9.cn/",
        "totalSize": "116 kB",
        "request": {
            "headers": {
                "accept": "text/html,*/*",
                "accept-language": "zh-CN,zh;q=0.9",
                "cache-control": "no-cache",
                "cookie": "",
                "referer": "http://mjx.rjm9.cn/",
                "user-agent": "Mozilla/5.0 (Windows NT 10.0; Win64; x64) AppleWebKit/537.36 (KHTML, like Gecko) Chrome/78.0.3904.108 Safari/537.36",
                "x-scraper-website": "https://bazhan.wang/"
            }
        },
        "response": {
            "responseUrl": "http://mjx.rjm9.cn/",
            "redirects": [],
            "statusCode": 200,
            "headers": {
                "server": "nginx",
                "date": "Fri, 25 Nov 2022 15:18:09 GMT",
                "content-type": "text/html",
                "content-length": "5323",
                "last-modified": "Sun, 25 Sep 2022 04:10:01 GMT",
                "connection": "close",
                "vary": "Accept-Encoding",
                "etag": "\"632fd499-14cb\"",
                "accept-ranges": "bytes"
            }
        },
        "time": {
            "start": "2022-11-25T15:18:09.471Z",
            "end": "2022-11-25T15:18:10.510Z"
        }
    },
    "options": {
        "url": "http://mjx.rjm9.cn/",
        "referer": "",
        "cookies": "",
        "userAgent": "Mozilla/5.0 (Windows NT 10.0; Win64; x64) AppleWebKit/537.36 (KHTML, like Gecko) Chrome/78.0.3904.108 Safari/537.36",
        "formatter": [],
        "filenameGenerator": "byType"
    }
}